4.351039004333815,-0.08612068007556406,2.568618735415046,-120107.96537893474
3.118679853317035,-1.3951550172241363,-0.07834203800422301,242.30923172283167
-3.0086676297366375,1.5351705745082782,-2.6064007111901324,-2393.948628175551
-0.8150905656184024,-3.82653628180909,-1.2173574841649075,-89.18129199048344
4.00988998777642,4.957773085898433,-4.366596288476497,118.09521755073357
-3.88987665296144,-3.1275697299699967,-3.0097788643182577,-835.2643929142612
0.2972552505833983,-1.5840648960995667,-3.549838870985665,-370.905734359354
-4.694410490054451,-1.672963662629181,-0.7373041449049893,-1558.2065762319974
3.310923435937326,3.202022446938548,-3.884320480053339,220.91661822948618
0.5983998222024667,-1.7374152683631516,-1.7451939104344927,-103.01078302608725
-1.6396266251805756,4.526614068229803,-2.2752528058673187,-147.33322456966346
4.241026780753417,4.099899988887653,4.81775752861429,-127.17763654287664
-0.8717635292810311,-3.5887320813423713,1.3218135348372035,15.254376625186927
-1.9596621846871876,-2.241915768418713,1.4196021780197796,88.65055556146869
-3.9832203578175354,1.810756750750083,0.30170018890987826,-445.20521923529225
-2.6897433048116457,0.5450605622846982,1.861873541504611,4074.9686686687946
0.3461495721746859,0.5606178464273803,0.31725747305256125,-411.36122295499916
-0.4739415490610073,-3.066451827980887,-3.6431825758417604,-228.69418918291723
2.6919657739748857,2.958662073563729,3.814312701411268,-119.26005971223101
-4.4443827091899095,-4.155461717968663,3.912101344593843,397.86597539005385
-2.913101455717302,4.26325147238582,-1.4218246471830205,-201.9917906971006
4.775530614512723,2.4730525613957104,1.8129792199133234,-78.66004506744771
2.46971885765085,-4.649961106789643,-3.068674297144127,62.47711928596321
-1.17068563173686,-0.3394821646849655,-4.427714190465608,-34259.503242663595
-3.982109123235915,2.6208467607511947,4.792199133237025,1153.7588749560718
2.2363595955106117,1.056228469829981,-4.977775308367597,1542.9623116619634
-3.8054228247583066,2.65529503278142,4.3654850538948775,950.002338203102
4.138793199244359,-2.814201577953106,-1.66518502055784,185.73252451178286
-0.39615512834759414,-4.07545282809201,2.7986442938104235,47.15429159351687
3.5576175130570054,4.498833203689298,1.60628958773197,-14.807566220727487
-4.582175797310812,-0.14390487831981336,4.798866540726747,447971.2029744249
3.0231136792976994,-4.849983331481276,0.5750638959884427,7.649733892573386
3.0186687409712185,-1.7374152683631516,4.044338259806645,-426.393127674665
-2.327480831203467,-2.2430270030003334,1.316257361929103,77.35400300133331
-4.93665962884765,3.8398710967885314,2.859762195799533,335.5374607333089
3.5653961551283473,3.9187687520835652,-4.141015668407601,165.78573655336635
-4.476608512056895,4.344371596844093,-4.699966662962551,-718.320343410692
-1.7985331703522616,0.6828536504056002,3.0342260251139006,4321.392032035847
1.1262362484720523,-2.0463384820535615,2.2052450272252466,-9.6723856045012
3.2586954106011774,-1.734081564618291,-4.082120235581732,772.0203842624111
-1.930770085565063,3.982109123235915,-2.9419935548394265,-260.77207170734914
-3.688743193688188,-1.8285365040560064,1.9118790976775193,525.1353674503697
-4.225469496610734,-2.0330036670741194,1.2673630403378153,144.2574422027456
2.16079564396044,-0.010556728525392245,0.017224136015112634,2407380.7613881403
-3.155350594510501,-3.600955661740193,0.9917768640960105,-1.039999841813725
-0.8228692076897435,3.3253694854983884,-0.3372596955217251,-71.57397123806113
-0.03611512390265581,-0.11501277919768871,-0.8728747638626517,-44168.37729880084
0.267251916879653,-0.4706078453161462,1.2440271141237913,235.73886404341704
4.078786531836871,3.636515168352039,-1.3607067451939105,97.62988667600384
-0.172796977441938,0.038337593065896236,1.614068229803311,149537.94639732048
2.0252250250027775,-1.5040560062229136,4.942215801755751,-427.43616865936247
2.3541504611623507,3.6876319591065663,-4.193243693743749,118.61988158330274
0.2428047560840092,2.6408489832203577,-3.189798866540727,-133.15582473506757
3.358706522946994,-1.5218357595288365,3.7920880097788636,-566.5540766849554
0.9384376041782421,2.243027003000333,4.2621402378042,10.85109276471994
3.1286809645516165,-0.26280697855317303,-1.7740860095566173,17624.551745343353
3.0264473830425604,-0.6661851316812983,2.2752528058673187,-1218.1957641209733
-4.736637404156017,-0.48394266029558874,-2.723080342260251,-40317.31909555282
4.1354594954995,2.1785753972663624,-4.048783198133126,586.8106293692254
-2.949772196910768,4.57439715523947,-4.305478386487388,-389.0561148760783
1.6329592176908543,4.798866540726747,4.426602955883986,-23.640426655104974
-1.7307478608734304,0.7195243915990659,-0.16724080453383738,-2166.6959745186823
-3.296477386376264,1.590732303589287,-4.168796532948106,-3500.786454887085
2.6719635515057227,0.8317590843427043,-0.5906211801311256,845.098510976529
0.8473163684853873,-2.4774974997221912,-0.5161684631625736,-10.355789064074095
-3.8365373930436713,1.3229247694188242,3.7776419602178013,3186.3185649284264
4.13768196466274,-1.1729081009001003,-3.3609289921102343,1749.244814902167
1.9929992221357926,-2.135237248583176,-3.8876541837982,255.71030511190654
-3.82542504722747,-3.863207023002556,-2.3363707078564286,-447.41821078172626
2.6497388598733194,-1.1395710634514948,-4.793310367818647,1622.8680047358257
2.509723302589176,-4.611067896432937,4.1299033225913995,-49.93951994636105
1.6085120568952105,-0.7861984664962778,2.4063784864984994,-348.55173337452896
-3.5098344260473384,2.4252694743860426,2.173019224358262,364.51634524106987
2.976441826869652,1.7618624291587954,1.649627736415157,-87.15314122826267
-4.842204689409934,1.304033781531281,-3.216468496499611,-6450.117349037012
2.3352594732748084,-4.605511723524836,-2.4797199688854317,50.3701090401
-0.6850761195688415,-3.246471830203356,-4.9466607400822316,-304.7672412816865
3.3287031892432495,-0.49283253694855045,1.838537615290588,-1609.0497054577625
-2.6752972552505834,0.6539615512834756,0.04722746971885705,-3113.555952034302
-2.135237248583176,-3.3631514612734748,-4.804422713634849,-585.7416635775202
-4.555506167351928,-4.529947771974664,-4.539948883209245,-654.9250007105705
1.1873541504611618,-2.7130792310256697,-0.36281809089898864,9.17072830866477
-3.732081342371375,0.538393154794977,4.93777086342927,26482.635645499955
1.830758973219246,-1.0517835315035007,0.42615846205133856,105.6129695981687
-2.930881209023225,2.5275030558950995,1.1184576064007112,28.276058441196493
1.9885542838093118,1.7540837870874535,-1.8540948994332704,220.39432730987667
0.29281031225691745,4.9899988887654185,0.2783642626958551,-5.968536096965473
-4.144349372152462,2.7986442938104235,3.370930103344815,660.7817342057012
-1.3729303255917324,4.396599622180242,2.0518946549616626,44.05721409891482
3.3420380042226903,-4.19768863207023,-0.6984109345482832,45.08985507763249
-3.448716524058229,1.037337481942438,-4.31770196688521,-8869.939951945138
-4.096566285142794,4.276586287365262,4.526614068229803,415.6001800101621
1.9852205800644516,-2.5019446605178355,-0.3794866096232914,52.20455456293552
-2.145238359817758,3.653183687076341,-4.314368263140349,-456.3409977145918
-1.5085009445493944,-4.008778753194799,3.122013557061896,114.36108303021607
3.6442938104233793,1.2206911879097673,-0.9162129125458387,648.3759825831133
4.228803200355594,3.402044671630181,2.3985998444271583,-67.55261501566244
0.5206134014890544,-3.4853872652516946,-0.722858095343927,-19.334582871130657
2.0685631736859644,-1.1806867429714414,-2.769752194688299,687.5697412801342
0.2583620402266913,1.91743527058562,-4.329925547283032,-314.213549996666
-0.3250361151239032,-0.07278586509612239,-3.549838870985665,-352486.4850666392
-3.900988998777642,2.057450827869763,-0.24613845982887028,-601.669577788375
0.40837870874541604,0.7428603178130899,2.7330814534948322,534.6403444266646
-1.4484942771419047,-1.3240360040004449,1.771863540393377,370.26243832287514
0.9917768640960105,-0.46282920324480514,4.7310812312479165,38.70713742542001
4.406600733414823,-0.7450827869763312,2.261917990887876,-1299.3925808073604
1.3229247694188242,-4.093232581397933,4.492165796199577,-17.520963515913902
-0.6672963662629181,0.36281809089898864,-0.5006111790198915,-6082.452546632191
-4.372152461384598,-1.2595843982664743,-1.4173797088565396,-3529.244339539411
-4.13323702633626,2.9831092343593726,-2.9831092343593735,-974.1775551375754
2.046338482053561,-0.03055895099455519,1.7807534170463386,-208736.10111830273
-2.566396266251806,-3.562062451383487,-4.739971107900878,-608.2305771121871
4.048783198133126,3.3753750416712958,-0.5561729081009004,74.34766777587905
-1.9396599622180242,4.516612956995221,4.726636292921436,192.35415308367243
0.12612512501388995,-3.0231136792977,-3.3409267696410714,-122.95087667523669
-2.666407378597622,-3.5765085009445494,-4.588843204800534,-608.7217604043688
-3.628736526280698,-4.894432714746083,4.195466162906989,252.4461835365518
-0.9028780975663961,0.5883987109678852,3.810978997666407,5053.445123431772
4.56995221691299,-0.5150572285809538,-0.6906322924769421,3706.171362845381
-1.0517835315035007,3.3964884987220803,-0.8017557506389599,-106.24800509982396
-3.5998444271585734,0.4161573508167571,-2.1263473719302146,-33878.207950647506
1.449605511723525,-4.764418268696522,4.779975552839204,-19.204732488910974
-3.840982331370152,-0.44393821535726197,2.058562062451383,10796.747088004367
1.9607734192688078,1.2084676075119454,3.5376152905878424,-402.6356803922329
2.2574730525613953,-2.2185798422046896,-3.9487720857873096,293.6635163748387
-1.6696299588843204,-3.467607511945772,-1.8052005778419824,-218.0386359771068
-1.1829092121346818,-0.5528392043560402,-1.9774419379931105,-7134.398474884974
4.346594066007334,3.5753972663629288,1.4040448938770975,-17.939712425561282
-1.777419713301478,-0.8773197021891326,-2.2385820646738526,-4129.06825600447
-4.244360484498277,-0.49949994443827084,4.102122458050895,27864.085645714786
-0.24947216357373048,-2.3785976219579954,3.456495166129569,166.81046510982407
-2.085231692410268,-2.7686409601066786,-1.3529281031225695,-343.35185423194355
2.587509723302589,1.4529392154683851,0.3005889543282585,116.9605442995002
-0.6806311812423607,-2.955328369818869,-2.979775530614513,-245.37916362536973
-1.7251916879653297,-0.8739859984442715,-2.6952994777197468,-4637.446924566415
-3.7809756639626624,-1.1451272363595955,1.3973774863873762,598.9816575104421
-4.116568507611957,3.9298810978997665,-4.397710856761862,-757.3209721532282
4.526614068229803,3.4698299811090116,0.7717524169352146,10.978046321608488
1.889654406045116,-3.4398266474052672,1.5307256361817974,-9.709098396584041
-1.3729303255917324,0.7373041449049893,-3.4498277586398487,-6627.175473371863
3.8432048005333925,4.921102344704966,-1.1184576064007112,45.93874102722699
-0.8606511834648298,0.8706522946994104,0.35615068340926737,-514.9165192034321
-3.1042338037559727,-1.148460940104456,1.2184687187465268,267.2525047740671
2.3119235470607844,2.494166018446494,-0.5883987109678852,77.26028135377707
4.662184687187464,-0.9262140237804202,-3.9409934437159686,3377.6653079661196
4.94554950550061,-2.6930770085565063,-0.7961995777308593,148.1698169464323
1.9741082342482494,0.9062118013112563,2.423047005222802,-406.4260968570552
-2.493054783864874,3.5131681297921986,-2.5441715746194022,-375.9344846387898
-1.8185353928214245,-4.983331481275697,-1.2562506945216136,-90.7938030014831
0.9851094566062892,-1.258473163684854,0.4794977219691079,-1.3235092353035869
-2.3719302144682746,-0.451716857428603,-3.420935659517724,-27115.579627039602
1.209578842093566,-1.270696744082676,-0.9706634070452278,67.45388881215698
-2.9586620735637292,4.542171352372485,4.679964440493388,274.5025885758058
2.148572063562618,0.8717635292810311,3.6354039337704194,-938.1622422122284
-0.6395155017224141,3.264251583509278,-4.707745305033892,-280.3212184810686
2.9742193577064118,-3.597621957995333,-1.999666629625514,96.43910872961325
0.8139793310367818,0.2739193243693743,-3.5342815868429827,-3097.9401147985113
3.012001333481498,3.1797977553061454,4.975552839204356,-165.8444206643672
-3.757639737748639,2.6252916990776747,1.9974441604622735,284.17783526233194
-1.8374263807089677,2.2008000888987667,3.7731970218913204,576.9294164381344
-0.10167796421824704,-4.368818757639738,-0.6650738970996777,-29.12560081850954
-1.4096010667851986,-3.3531503500388933,1.5807311923547056,42.59964312881142
-2.0474497166351817,-4.973330370041116,4.942215801755751,175.54913771734496
-0.2483609289921107,3.7798644293810426,-2.5897321924658296,-96.43294662349857
-2.1830203355928437,0.7939771085676188,4.495499499944438,6450.730805543888
3.079786642960329,3.8476497388598734,-2.3597066340704522,97.98730658846824
-1.3907100788976554,1.54406045116124,0.15612845871763525,-289.16565393866546
0.9217690854539393,4.549949994443827,-1.721857984220469,-2.801257947972211
-1.8985442826980776,0.8162018002000222,2.003000333370374,1557.761644803527
-1.5018335370596736,3.4464940548949876,-2.5941771307923105,-261.21081347188345
3.0664518279808863,-1.5485053894877212,-0.2361373485942888,221.5865335620738
4.167685298366484,0.8950994554950551,3.1753528169796645,-1504.84355319384
3.789865540615624,-3.7765307256361815,-3.140904544949439,150.9088485246118
0.8762084676075119,-0.9562173574841655,1.2240248916546284,8.301767715867454
-0.7884209356595182,1.8796532948105344,-4.186576286254028,-849.7166974136023
-4.713301477941994,3.743193688187576,-3.129792199133237,-743.2965718252483
-4.212134681631293,0.6517390821202351,4.88332036892988,20316.640224869825
3.162018002000222,1.2162462495832864,3.45982886987443,-737.5141884117868
-4.2243582620291145,3.290921213468163,0.17168574286031735,-170.5089006456932
-1.559617735303923,4.303255917324147,-4.151016779642182,-246.9098714937498
-4.826647405267252,-2.84087120791199,-1.759639959995555,-886.2011040899292
1.362929214357151,-0.09612179131014553,-4.028780975663962,51183.34577253441
-4.293254806089566,-1.3773752639182133,-0.812868096455162,-2168.8865660292317
0.106122902544727,-1.9641071230136684,3.039782198022003,140.2875180969438
-3.3553728192021337,-1.2295810645627294,2.061895766196244,1225.6604250880725
1.9696632959217686,4.219913323702633,-4.463273697077453,71.66743537763801
-4.375486165129459,3.149794421602399,1.928547616401822,216.9708071873463
-3.9698855428380933,-4.088787643071452,0.9517724191576837,-6.008510942127647
0.8428714301589064,3.0020002222469166,-0.7284142682520285,-8.27869965404854
-0.2783642626958551,-2.59195466162907,3.400933437048561,140.87216839312057
2.6930770085565063,-3.8976552950327816,-1.7451939104344927,67.06542301596046
-3.8776530725636182,-2.7241915768418714,4.746638515390599,1025.2143830135751
3.9721080120013337,-3.158684298255362,-0.7117457495277257,92.21002079001713
0.7695299477719741,2.9753305922880315,-2.2796977441937996,-23.64410821097716
-4.139904433825981,-1.2162462495832873,3.625402822535836,3869.68570218458
-0.15057228580953463,3.3298144238248693,-3.684298255361707,-148.02333025119668
1.8329814423824864,-1.0951216801866877,-0.5050561173463723,256.12269496293175
-0.6172908100900099,-1.4129347705300592,0.7573063673741522,-62.62348655728494
-1.1329036559617736,1.5373930436715186,1.4396044004889426,132.49306652371072
1.045116124013779,-2.9742193577064118,0.5117235248360927,0.6690102995552206
0.6250694521613509,0.44393821535726197,1.5429492165796201,290.5054520074493
-2.105233914879431,4.497721969107678,1.3051450161129008,17.010216113487182
-1.1184576064007112,-1.331814646071786,-3.1042338037559727,-1635.0464561110857
-0.35615068340926825,3.400933437048561,2.1152350261140125,40.62540462282014
-4.827758639848872,-4.662184687187465,4.3110345593954875,394.8963197502703
-4.516612956995222,0.9828869874430488,2.8697633070341144,4649.845571480194
-4.468829869985554,-4.792199133237026,0.003889321035670079,-102.96436878013466
-1.2173574841649075,-3.512056895210579,-1.8807645293921547,-174.2738423836089
-0.4361595732859209,3.692076897433047,1.7218579842204687,23.810852903760875
-1.1540171130125572,4.077675297255251,1.119568840982331,5.183158021347262
-3.1620180020002224,0.8017557506389599,3.2186909656628515,5672.314957941302
2.454161573508167,1.629625513945994,2.643071452383598,-203.6677378312039
1.771863540393377,-0.8350927880875654,2.7319702189132125,-473.1885436491447
-1.6251805756195132,0.6972996999666625,3.6498499833314817,4989.562597996364
-4.525502833648183,1.508500944549394,-1.1195688409823314,-2242.7485765344163
3.723191465718413,4.07434159351039,-4.1887987554172685,160.2840344939608
1.1640182242471386,-1.900766751861318,3.8165351705745074,-33.89422414603584
4.655517279697744,4.391043449272141,-1.7440826758528725,83.41372122212218
0.781753528169796,3.5398377597510837,1.4396044004889426,2.117444900651035
-3.247583064784976,-4.69329925547283,3.157573063673741,165.3517534587005
1.311812423602622,-3.82542504722747,4.474386042893654,-19.295788747911736
-2.2441382375819536,-0.9317701966885208,2.0252250250027775,1407.1824140252616
-2.827536392932548,0.9084342704744968,-4.717746416268474,-10205.204461875315
-1.541837981998,-4.167685298366485,3.3298144238248693,118.052608297723
2.4286031781309028,-3.5576175130570062,0.5906211801311256,10.495804582013132
-0.1783531503500395,-0.11612401377930937,-3.3498166462940326,-116064.9559238909
2.6997444160462267,-0.6384042671407935,-1.7107456384042674,2475.940183108622
0.6195132792532503,-3.399822202466941,-4.4010445605067225,-50.03241668428484
2.9486609623291473,-4.305478386487388,4.928880986776308,-87.3685610362454
-2.400822313590399,3.0286698522058,1.0395599511056783,5.456417058133577
-3.129792199133237,4.104344927214134,3.5131681297921986,242.6840017215005
3.233137015223914,3.4320480053339253,1.6151794643849318,-23.676588702212868
3.118679853317035,2.3163684853872653,-2.765307256361818,306.93292702181606
3.527614179353261,-2.078564284920547,-4.245471719079898,595.8734893769348
-0.5806200688965442,4.029892210245583,1.1240137793088119,3.8312716788778016
1.6651850205578391,1.1240137793088119,3.7731970218913204,-365.08764280423367
3.983220357817535,-4.697744193799311,-4.8255361706856315,142.14378289682256
-4.343260362262473,-3.475386154017113,-1.7874208245360599,-530.6056626407722
4.983331481275696,2.921991332370263,-2.7253028114234916,261.5693435190826
3.45982886987443,2.9364373819313254,-4.301033448160907,296.71145787648067
4.593288143127014,4.483275919546616,3.4587176352928104,-71.29584890201807
-4.017668629847761,0.9162129125458378,0.49061006778530913,-1280.43212482794
-2.149683298144238,3.433159239915545,-4.758862095788421,-560.9212369536127
1.6596288476497385,-3.45760640071119,-4.696632959217691,78.64541416913515
1.3807089676630735,-4.965551727969775,2.914212690298922,-7.642599062314208
-3.8487609734414936,-1.5751750194466054,0.4728303144793866,-428.0118042949976
-3.0897877541949104,2.027447494166018,-2.4186020668963217,-1335.6846922448838
-1.6718524280475608,0.7928658739859982,2.2285809534392707,1828.4278896115968
-2.254139348816535,-2.4163795977330818,-0.12945882875875103,-231.4090289378459
-0.009445493943771588,1.2595843982664734,3.220913434826091,424.31778312515246
1.3962662518057556,-3.985442826980776,3.9032114679408814,-18.69479933622033
2.7708634292699186,0.26280697855317214,0.14723858206467355,4741.835786053966
-3.2631403489276587,1.6229581064562728,-1.5918435381709082,-1669.1348022157629
-0.2728080897877545,1.221802422491388,-0.2705856206245141,-333.86841006116396
2.6886320702300255,4.111012334703856,3.2298033114790528,-48.867927809526925
-4.045449494388265,0.033892654739415384,-0.0938993221469051,-2024524.0416788645
4.222135792865874,-4.639959995555062,-4.361040115568397,139.07626193200264
-0.3605956217357482,-1.2073563729303256,3.7054117124124897,784.8695047215649
-2.9953328147571954,4.07434159351039,1.2818090898988777,26.442453284097894
-0.20391154572730308,0.41060117790865647,-1.0506722969218805,-4482.686858827996
-2.123013668185354,1.4796088454272693,-1.0873430381153462,-1082.943313972756
1.0295588398710969,-4.8566507389709965,-3.33425936215135,1.461717989324378
4.121013445938438,-4.512168018668741,-4.293254806089566,143.11054506294383
-3.110901211245694,-3.3609289921102343,1.7485276141793529,107.14699433322411
3.5131681297921986,4.672185798422046,-3.8598733192576953,108.88302524080511
0.0016668518724296533,-1.7551950216690746,-3.6309589954439385,-450.1368094914786
-3.9421046782975884,0.5295032781420153,3.1397933103678177,15775.969315832783
-4.612179131014557,0.3483720413379263,3.6476275141682404,53670.799624200685
1.5973997110790084,2.199688854317146,1.2740304478275357,-8.528571201000277
-0.19279919991110184,-0.7261917990887881,2.2808089787754193,885.8572537433125
-0.22613623735970645,4.706634070452273,-0.11279031003444828,-18.895745178035757
4.616624069341038,-3.6154017113012555,1.3007000777864208,-13.436920676882067
-3.2009112123569285,0.9317701966885208,4.457717524169352,6625.833955701595
-2.6797421935770642,-0.86398488720969,4.254361595732858,6102.426893394075
-3.692076897433048,0.26280697855317214,-1.0851205689521057,-58185.2750028827
2.84309367707523,-4.638848760973442,4.933325925102789,-72.33250474008807
2.895321702411379,4.596621846871875,-2.573063673741527,68.3143294589751
-3.4787198577619733,1.1306811867985331,3.118679853317035,3001.295829690176
-3.362040226691855,4.982220246694077,-3.5998444271585734,-324.026847021841
-4.2243582620291145,2.153017001889099,-4.0043338148683185,-2406.790236052957
-0.8428714301589064,3.8676519613290363,-2.355261695743972,-134.45972740600828
2.1852428047560837,0.06278475386154003,-2.4286031781309037,241686.7838994068
3.6742971441271255,1.8796532948105344,2.537504167129681,-220.8515764645437
-2.849761084564952,1.7118568729858872,2.490832314701633,754.994837201641
1.9074341593510384,-2.22080231136793,4.226580731192355,-144.12700246648674
-4.852205800644516,-0.5139459939993332,4.2088009778864315,31676.676854532936
4.952216912990332,-3.6631847983109234,0.8739859984442715,5.620356417558608
-0.20835648405378393,3.332036892988109,1.6840760084453823,22.8011586155656
3.357595288365374,-4.8722080231136795,3.6787420824536063,-53.014552252253694
-4.215468385376153,3.417601955772863,-4.734414934992777,-1091.9981469204654
-2.9831092343593735,-3.574286031781309,0.8373152572508058,-19.755607981771547
-2.2863651516835204,4.507723080342259,0.5861762418046448,-24.66956282804942
2.9408823202578063,1.8140904544949432,-1.0628958773197024,257.65009818729555
0.9539948883209242,1.5273919324369372,-4.781086787420825,-30.938031499694418
-3.0531170130014447,-3.118679853317035,4.769974441604623,615.2072492948316
1.551839093232581,1.3407045227247467,4.576619624402712,-278.2931402595542
-0.7295255028336483,1.539615512834759,3.2309145460606725,523.9467128251335
-0.05278364262695856,-3.1486831870207803,0.239471052339149,-24.35591993522316
0.39282142460273306,-0.11279031003444828,-0.06056228469829961,-14589.021182832032
-4.396599622180243,2.3041449049894434,0.7806422935881763,-96.30186568640676
-4.332148016446272,-1.1617957550838982,-4.048783198133126,-8575.54810058957
0.8117568618735413,2.494166018446494,4.911101233470385,32.62279966851739
-1.869652183575953,-4.4832759195466165,-4.037670852316924,-256.110486699352
-0.2739193243693743,-1.6951883542615849,-1.8707634181575732,-392.24806921476085
1.775197244138237,-0.4450494499388826,-3.7309701077897546,4568.699914686662
3.3964884987220803,1.0895655072785866,-3.5731747971996892,1828.8692227151248
4.19991110123347,1.5962884764973886,-2.2552505833981553,711.3043854424817
2.745305033892654,2.9075452828092008,-3.4076008445382824,198.04370191201318
1.9629958884320473,3.9376597399711084,-2.3830425602844763,50.660674648648325
-2.3830425602844763,-2.77864207134126,-3.1275697299699967,-671.8700569983513
2.797533059228803,2.930881209023225,4.362151350150016,-152.01982960486217
4.194354928325369,2.2296921880208913,0.9739971107900871,2.9099577732378497
0.7561951327925325,-2.1607956439604403,-0.7373041449049893,-25.157232283673203
-2.4574952772530283,-0.145016112901434,4.662184687187464,225020.0952218839
-4.638848760973442,0.9606622958106454,-0.7139682186909662,-4599.174613304602
-2.176352928103123,-1.9418824313812646,-2.96199577730859,-1219.088899358899
-0.5450605622846982,3.845427269696632,3.924324924991666,96.66121787934635
-3.118679853317035,2.537504167129681,3.222024669407711,559.3772143137563
-2.599733303700411,2.0796755195021666,-3.665407267474164,-1467.747453678092
3.4264918324258247,-1.301811312368041,4.8688743193688175,-1092.4104225833803
-3.4453828203133683,-2.5763973774863875,4.048783198133126,823.5774352752243
4.892210245582842,4.32548060895655,-0.5917324147127463,50.7401656309265
0.8117568618735413,-0.6984109345482832,-1.7496388487609735,-292.5004122991655
2.7053005889543282,4.26880764529392,-1.6362929214357154,53.98959749843667
1.142904767196355,-2.8375375041671296,0.48394266029558786,2.4337391271087525
0.7495277253028112,2.3897099677741966,4.0432270252250255,37.041518518721865
-0.40837870874541604,-4.187687520835649,-1.3840426714079346,-59.78459344171145
-3.2631403489276587,2.0552283587065228,1.0284476052894762,11.42412105282973
-1.8307589732192469,-4.172130236692966,-1.4084898322035784,-139.01634231250645
-4.994443827091899,4.256584064896099,-3.204244916101789,-625.6999051136844
2.791976886320702,0.9906656295143899,-1.462940326702967,972.4550304792915
-3.000888987665296,-3.554283809312146,4.498833203689298,432.18514837748387
-2.5586176241804646,3.7931992443604834,-2.5152794754972776,-327.5615860378922
-1.634070452272475,0.05389487720857833,3.7665296144016,875630.097148607
-2.3219246582953663,-2.869763307034115,-1.608512056895211,-388.946863600632
-1.7485276141793533,2.5541726858539837,3.8443160351150123,422.3593749546623
-1.2929214357150798,3.2809201022335817,2.639737748638737,118.33135066509479
3.5920657850872324,-0.4094899433270367,4.026558506500722,-8993.897042355044
2.503055895099455,-3.1620180020002224,-1.5429492165796201,85.97846156277437
2.591954661629069,-0.19168796532948118,-4.1576841871319035,49661.5913902188
4.728858762084675,-3.504278253139238,-3.7187465273919322,226.5850876646034
-3.5998444271585734,1.6751861317924215,-2.1507945327258584,-2107.134626042663
-3.754306034003778,3.319813312590288,0.9184353817090782,-14.518493533915725
-0.6728525391710196,4.3188132014668295,-0.17390821202355866,-33.71046350510531
0.08612068007556406,-1.892988109789977,3.4620513390376697,186.74761543036058
2.5708412045782865,2.706411823535948,3.1842426936326262,-104.40139656268033
4.827758639848872,2.7564173797088563,4.81886876319591,-298.5309464358463
-2.053005889543283,-2.386376264029337,4.50550061117902,679.5422618258647
4.454383820424491,-2.228580953439271,-4.942215801755751,687.5958464432006
-1.8074230470052228,1.5718413157017448,0.6461829092121345,-142.41169210975036
-3.875430603400378,0.7484164907211914,3.617624180464496,9484.213041183828
-3.3853761529058786,-0.3883764862762531,1.1062340260028893,1240.2706580961242
4.4677186354039335,-0.997333037004112,0.9406600733414825,34.33491377208584
3.962106900766752,2.7364151572396933,-1.288476497388599,163.9796231842012
-1.4273808200911215,4.133237026336259,1.7329703300366708,35.70357005450118
4.753305922880319,3.9032114679408814,-3.7487498610956775,184.14337247849434
-3.032003555950661,-2.2619179908878766,3.332036892988109,718.513707590638
-4.085453939326592,-3.5098344260473384,-4.249916657406379,-915.8007140489215
3.5242804756084,-0.7373041449049893,-1.4251583509278811,2187.7296041921422
-0.24502722524724962,-2.5108345371707967,-4.092121346816313,-309.0834681170126
1.4840537837537502,-4.823313701522391,1.747416379597733,-3.9730074332118512
2.1552394710523393,4.1854650516724075,4.527725302811422,-54.74951605315754
-0.9095455050561174,3.6420713412601398,-1.524058228692077,-118.92150523239826
4.873319257695298,-0.4039337704189352,-2.9419935548394265,14392.505565846654
-3.3764862762529173,0.12945882875875103,3.0453383709301036,214333.81430092143
4.394377153017002,3.9576619624402714,-4.653294810534504,206.02952676073016
1.9741082342482494,1.8040893432603617,2.4297144127125234,-103.02793157827126
2.340815646182909,2.9175463940437822,-4.547727525280587,200.79478440776694
-0.0016668518724305414,-2.914212690298922,3.6398488720968984,93.42293686607682
1.437381931325703,3.2464718302033564,3.3442604733859316,-24.990287526073676
-2.1807978664296033,-3.5565062784753865,-2.4886098455383934,-320.58138821288225
1.562951439048783,4.078786531836871,-3.739859984442716,40.59628537403486
4.189909989998888,4.278808756528504,-3.4031559062118015,133.72138167728815
-1.682964773863763,4.609956661851317,3.2820313368152014,100.97577873665239
-0.8573174797199687,-4.5266140682298035,3.488720968996555,73.47831818079129
-3.7643071452383596,-0.7584176019557729,-4.902211356817424,-20187.071039085735
-2.3619291032336927,2.167463051450161,-3.6476275141682413,-1233.4568535680585
4.44327147460829,-3.554283809312146,-0.8917657517501949,85.9557336698416
-1.8674297144127125,-2.4474941660184464,1.4240471163462605,72.26724323232683
0.21169018779864412,4.2621402378042,-1.5307256361817982,-32.2489432385102
-2.6764084898322036,3.213134792754751,-2.177464162684743,-430.2927334972702
3.186465162795866,-3.535392821424603,4.407711967996443,-121.84952080521212
2.7830870096677405,-3.270918990999,4.69329925547283,-133.2662514410506
-0.7684187131903544,-4.50772308034226,-4.845538393154795,-164.34948630742898
-1.4073785976219582,2.3597066340704522,-1.7674186020668965,-409.45891780247524
1.1329036559617736,1.5307256361817974,-3.066451827980887,61.35649327774714
-1.8740971219024338,-3.467607511945772,4.576619624402712,304.53427302302237
0.09056561840204491,2.329703300366707,1.6974108234248249,34.739930322642444
-2.727525280586732,2.4774974997221912,-2.9208800977886433,-909.165469129367
4.909989998888765,-4.8999888876541835,-4.622180242249139,139.8073845710908
0.6806311812423598,1.5407267474163797,-3.9976664073785977,-187.9820085959982
4.682186909656629,-2.5886209578842094,-2.148572063562618,276.0176570062213
-1.7896432936992999,3.9487720857873096,-4.533281475719525,-350.12991770242957
-2.3663740415601735,-1.350705633959329,2.454161573508167,995.4449408476182
2.793088120902322,-3.3242582509167686,2.305256139571063,-45.79081084744298
1.1806867429714414,-4.405489498833203,4.753305922880319,-9.245021731122108
1.4629403267029666,0.7561951327925325,-4.07323035892877,1051.892631399014
-0.6017335259473278,-1.7207467496388489,3.1242360262251356,365.47465008080616
-3.6742971441271255,3.856539615512835,3.8243138126458494,364.13291747536834
-2.800866762973664,3.480942326925213,-1.895210578953217,-348.7624976877341
-1.9629958884320482,4.843315923991554,4.727747527503055,168.9869434948112
-4.164351594621625,-2.4663851539059896,-2.954217135237249,-1426.502291751374
-2.5186131792421382,3.6042893654850534,-4.871096788532059,-597.2125685042431
1.626291810201133,-3.8276475163907104,1.2306922991443487,-2.4773366774588967
3.7220802311367933,-0.3517057450827874,-4.251027891987999,21763.229281416476
-0.28614290476719617,-0.3905989554394935,1.1995777308589837,519.1740298335543
-0.23280364484942773,-4.587731970218913,-0.73841537948661,-31.258439006858975
3.856539615512835,-4.584398266474053,-0.569507723080342,39.31636389256514
-4.456606289587732,-0.06611845760640112,-0.8728747638626517,-1013849.6079633489
-4.462162462495833,-0.45060562284698324,1.2906989665518385,3392.8868642677076
-3.6342926991887987,0.08723191465718383,-1.7240804533837095,-678588.426000683
2.650850094454939,1.4129347705300583,-1.4329369929992222,443.560267017853
0.5395043893765976,1.7507500833425933,-3.259806645182798,-181.63611887422496
2.419713301477942,-4.147683075897322,3.5020557839759974,-46.95624897418584
0.1972441382375818,1.1417935326147344,3.177575286142904,394.3219459423248
4.634403822646961,-2.023002555839538,1.5140571174574946,-73.48368603639972
4.561062340260028,-0.12390265585065041,4.468829869985553,-131291.52153359656
2.824202689187687,-4.4366040671185685,-3.154239359928881,82.88094220719255
1.7307478608734304,2.0518946549616626,0.6272919213245913,16.047734397490796
-2.9342149127680854,1.217357484164907,-3.739859984442716,-4882.572047165172
4.272141349038781,2.0407823091454604,-3.402044671630181,594.3013085437232
4.542171352372485,1.85409489943327,-4.614401600177797,947.2187231540239
-2.041893543727081,3.484276030670074,4.178797644182687,287.73840059406956
-1.23291476830759,-2.1874652739193245,4.478830981220135,547.0623905321095
-0.608400933437049,2.289698855428381,4.4754972774752755,339.3327016506883
2.8075341704633843,-0.15279475497277506,-3.6476275141682413,77642.58738945985
-2.136348483164796,0.4583842649183243,-4.403267029669963,-29365.04247926463
-2.980886765196133,1.787420824536059,1.5818424269363263,282.33011163317195
-2.140793421491277,-0.4583842649183243,-4.6210690076675185,-30603.226157569145
-2.6930770085565063,4.219913323702633,3.6442938104233793,208.82340856300073
-2.2574730525613957,-3.974330481164574,-0.7728636515168352,-134.44678278666746
4.947771974663851,2.109678853205912,2.6297366374041555,-219.09929872086587
0.30836759639959954,-3.8620957884209357,-1.2918102011334596,-30.89769532122488
-4.893321480164463,-3.9832203578175354,-0.3739304367151908,-228.01794643500457
-3.6398488720969,2.969774419379931,3.9854428269807745,642.6825122359116
-4.01211245693966,0.7473052561395708,2.0752305811756857,4056.497472935667
2.8142015779531055,-1.3718190910101122,1.7507500833425933,-156.02116963917746
-4.096566285142794,-1.9985553950438937,-0.7373041449049893,-937.4664725780771
-1.7096344038226472,-2.4486054006000666,-0.769529947771975,-280.92837005067724
1.6196244027114117,3.2509167685298355,-1.4840537837537506,36.61529564017839
2.526391821313479,-1.4473830425602845,-2.4830536726302923,568.9981007739483
4.445493943771529,3.012001333481498,-1.9663295921769088,187.72723127789376
-0.5895099455495059,-4.832203578175353,1.2118013112568065,4.580348956396662
2.475275030558951,0.38615401711301267,-0.24613845982887028,2783.1080234551982
-2.2085787309701077,-0.5295032781420161,-0.6384042671407935,-6867.249514929642
-2.1507945327258584,1.8174241582398043,-3.858762084676075,-1689.5033434268646
-1.2229136570730081,-1.0340037781975777,0.2816979664407153,-502.8197353610303
3.6420713412601398,2.757528614290476,0.6106234026002886,25.805438051593043
-3.5720635626180686,0.5283920435603955,0.47727525280586747,-3485.2980353651487
4.804422713634848,2.4952772530281138,-2.8464273808200913,366.32263333437
-4.281031225691743,0.8950994554950551,-2.146349594399378,-8885.133323732758
-1.0984553839315483,-0.7673074786087346,0.32281364596066187,-803.6239494699244
0.22058006445160583,0.011667963107012014,2.204133792643627,2022509.2192465395
-1.8807645293921547,-4.455495055006112,-3.8509834426047336,-250.906125708942
-0.5939548838759867,4.549949994443827,-1.3673741526836318,-57.93073689678563
-2.4474941660184464,4.4321591287920885,1.0506722969218796,3.3208298775675704
0.267251916879653,2.1030114457161906,-0.1905767307478614,-57.5951012000773
-1.9252139126569618,-3.710967885320591,0.7550838982109118,-18.61178425077738
1.2795866207356372,-1.8996555172796978,-2.611956884098233,73.20952062401955
-2.59195466162907,-4.56661851316813,-1.3351483498166465,-151.93934941300455
-1.3107011890210023,2.6286254028225358,4.857761973552616,437.7564950040061
-3.1797977553061454,0.42060228914323794,0.023891543504833912,-9118.850179488732
-3.6587398599844425,0.9317701966885208,-3.549838870985665,-10004.116380808504
3.27203022558062,-1.5196132903655961,4.775530614512723,-749.7754581314258
2.014112679186576,-3.740971219024336,-0.7673074786087346,30.68131903946376
3.290921213468163,-3.9565507278586507,4.314368263140349,-97.62512107906242
4.005445049449939,-4.017668629847761,-0.8295366151794648,61.26040585485094
-4.038782086898545,-4.69218802089121,-3.1742415823980443,-402.3490975382279
3.504278253139237,-0.08500944549394429,-0.5372819202133572,103812.67998789434
3.0420046671852425,-2.227469718857651,-3.0253361484609402,345.81247328480464
-0.3328147571952442,-4.8255361706856315,4.68663184798311,65.4106268201834
1.1895766196244022,-4.07656406267363,1.9929992221357926,-2.9940784371176012
3.602066896321814,-3.814312701411268,4.81775752861429,-131.05547270109
4.948883209245471,0.9851094566062892,0.7861984664962769,131.8332000482941
-3.659851094566063,-2.7497499722191354,1.472941437937548,119.44286547547046
2.167463051450161,-2.473052561395711,2.2596955217246357,-56.50225013839752
3.2231359039893324,4.57439715523947,-2.621957995332815,78.23331214248327
-4.449938882098011,-0.25058339815535113,2.811979108789865,68175.36852687885
-3.3720413379264365,4.088787643071452,1.4740526725191687,49.73254831174488
-0.6195132792532503,-2.1330147794199354,0.9062118013112563,-10.635816747792664
-2.2052450272252475,-4.351039004333815,2.3630403378153124,84.49903474222899
1.2151350150016667,-0.20168907656406265,4.266585176130681,-4552.98981551975
1.692965885098344,-0.30836759639960043,-1.549616624069341,4630.378728245983
4.159906656295144,-1.2029114346038452,3.5731747971996892,-984.5035346698568
0.07167463051450174,-2.65307256361818,-0.37726414046005097,-54.10239094660087
-4.764418268696522,-1.0951216801866877,-2.494166018446494,-7438.953822744343
-2.1730192243582622,-4.464384931659073,4.31770196688521,192.88851473327256
2.5508389821091226,-1.685187243027003,0.009445493943771588,120.88638145593545
2.5386154017113007,4.918879875541727,0.3361484609401044,9.449510011885248
-1.9885542838093122,0.428380931214579,0.518390932325814,-2820.8735037938536
-1.3995999555506167,-2.3785976219579954,-4.5977330814534945,-811.9325197180232
-1.5651739082120235,-2.207467496388488,4.179908878764307,580.7861837762999
-3.4653850427825317,-1.7663073674852763,-4.769974441604623,-3336.1093178944166
3.868763195910656,4.983331481275696,-1.6174019335481722,55.61538028211214
-2.2063562618068677,-3.8009778864318258,1.5485053894877208,44.57684066202316
0.1639071007889763,4.57439715523947,-3.265362818090899,-50.29058118673646
1.6840760084453823,-2.438604289365485,-3.687631959106567,134.52622796868874
-3.0897877541949104,2.3163684853872653,-3.5642849205467275,-1366.193080187253
4.555506167351927,-3.856539615512835,-0.4550505611734641,56.814958283631924
-0.15390598955439483,0.22613623735970645,-2.980886765196133,-27363.038495965626
1.5973997110790084,-0.3461495721746859,1.9974441604622735,-1253.605709275449
4.928880986776308,-3.5598399822202467,0.32614734970552295,31.783221823536827
-1.598510945660629,1.3462606956328482,0.5772863651516831,-210.8802778182045
0.5395043893765976,-0.7139682186909662,0.0761195688409817,-236.87468303098092
3.5842871430158905,3.52316924102678,-3.2686965218357598,171.0547776686845
-4.363262584731637,1.1617957550838982,-2.2930325591732417,-5638.192109440015
-2.9742193577064118,3.77430825647294,-3.6398488720969,-503.8293071772939
-0.12168018668740999,-0.34170463384820593,0.6595177241915771,-993.1976577775135
0.0516724080453379,-2.8164240471163464,-0.21391265696188455,-43.313279851760534
-1.905211690187799,-0.2572508056450715,3.059784420491166,32295.680634881446
4.545505056117346,-3.1697966440715635,0.9517724191576837,2.7847523712503626
-0.7495277253028112,-0.4217135237248586,-1.8852094677186355,-9153.217030655253
-1.9141015668407602,4.671074563840426,-3.8820980108900986,-233.0559157304571
-2.7330814534948327,2.0730081120124453,-4.463273697077453,-1812.8972622283943
-3.362040226691855,-3.1364596066229584,0.029447716412934533,-172.51355870069696
2.4052672519168796,0.3117013001444606,2.65862873652628,-5465.937158432891
1.3940437826425152,3.177575286142904,3.4742749194354925,-24.92993356908188
-1.6618513168129794,3.047560840093343,2.395266140682298,139.90229361199857
-4.422158017557506,4.63218135348372,-0.11501277919768871,-121.90805750629002
2.7719746638515383,3.7520835648405377,2.7708634292699186,-48.33241475644518
0.6195132792532503,0.31947994221580167,-0.6739637737526394,-1756.0828139998766
-0.3272585842871436,-3.180908989887765,-4.146571841315701,-209.15940683031474
-4.962218024224914,-4.449938882098011,3.4342704744971666,328.9923699429137
4.896655183909322,-2.491943549283254,0.1483498166462942,81.81877803045703
-1.0717857539726636,-0.6117346371819092,0.19057673074786052,-1488.4467865784945
-3.739859984442716,-1.4773863762640294,4.233248138682075,2894.142635237729
2.650850094454939,-1.7640848983220359,4.515501722413601,-411.1633070117041
-2.704189354372708,-2.6019557728636515,-3.160906767418602,-867.6599597910568
-1.7507500833425937,-0.01277919768863267,1.5473941549061,3250356.206008718
0.2216912990332256,-4.437715301700189,-0.19168796532948118,-13.815943983234886
-4.062118013112568,4.852205800644516,1.7029669963329255,63.76182941883265
-4.585509501055673,4.87443049227692,-1.2240248916546284,-228.7691897381504
-0.2305811756861873,-2.626402933659296,1.2784753861540166,15.247404888302212
2.5941771307923096,2.0796755195021666,2.9642182464718303,-160.85320983258012
0.9373263695966214,2.47083009223247,-1.4996110678964332,-6.9766851175952045
-4.166574063784865,0.32059117679742144,1.3773752639182133,8062.301758977106
1.4718302033559283,3.7765307256361815,-3.5165018335370597,38.2277711403253
-0.25947327480831195,-2.831981331259029,-1.0762306922991445,-100.35294229609244
-0.36837426380709015,-2.456384042671408,-1.8063118124236026,-197.96125892293978
3.8187576397377487,-0.03722635848427647,-3.3720413379264365,1649065.5242973445
-1.6207356372930328,-0.9762195799533284,-3.8909878875430604,-4688.993705983755
-4.774419379931103,-1.9774419379931105,2.8775419491054555,1228.9159120944225
2.568618735415046,3.5953994888320917,2.7430825647294137,-47.15544525921477
-4.6799644404933884,4.096566285142794,4.555506167351927,529.9725045155956
2.734192688076453,1.0117790865651735,-0.8139793310367818,669.828187443351
2.006334037115235,-2.4830536726302923,-0.24724969441049005,48.819193970131
-1.8663184798310923,-4.666629625513946,-4.465496166240693,-256.0852855754235
3.2553617068563163,0.8006445160573392,-1.7896432936992999,1985.93636707645
-1.580731192354706,-2.3130347816424046,-1.3484831647960887,-393.57103713318133
-2.3363707078564286,-0.4483831536837428,2.281920213357039,7873.093096215931
1.6940771196799638,-3.486498499833315,-4.838870985665074,83.07431924952972
-3.322035781753528,-4.388820980108901,-4.656628514279364,-507.2734520480359
-3.0464496055117234,4.181020113345927,4.479942215801755,315.2791498920932
-1.2029114346038452,2.71752416935215,3.605400600066673,261.20222539479335
-2.954217135237249,-2.643071452383598,0.9017668629847755,-21.60892420104506
0.22058006445160583,3.64096010667852,-0.8239804422713632,-31.462570102851927
-2.233025891765752,3.805422824758306,-1.1717968663184801,-177.94168429296133
-3.3053672630292255,2.341926880764529,-2.2696966329592176,-1024.5168906643423
4.69329925547283,-3.299811090121125,-3.1997999777753083,226.78315981313068
-1.6696299588843204,4.507723080342259,-0.9906656295143907,-91.56157783623999
2.8186465162795864,-1.8240915657295256,0.38948772085787287,71.89140757068586
1.214023780420046,-4.56772974774975,2.404156017335259,-3.796539066269701
4.01766862984776,-2.5441715746194022,-1.9863318146460718,249.86678992502982
3.837648627625292,-0.21169018779864412,3.70318924324925,-31644.724903741233
4.053228136459607,-3.4242693632625847,-2.289698855428381,152.82066731836633
3.6309589954439385,0.2461384598288694,2.7997555283920432,-14933.580175108542
1.8796532948105344,2.341926880764529,3.6465162795866206,-103.40350678891116
-2.4052672519168796,3.6198466496277355,-1.1640182242471386,-209.29514308201937
-0.7761973552616963,-2.997555283920436,1.971885765085009,62.10961373747716
-3.5153905989554395,-1.8818757639737749,-4.026558506500722,-2598.567629860948
-0.5517279697744195,1.999666629625514,1.5373930436715186,66.01418582741888
2.0163351483498166,1.025113901544616,-1.2829203244804979,528.8189454688642
-3.7220802311367933,-1.41960217801978,1.1884653850427824,181.79119850280736
1.1695743971552393,-0.2483609289921107,-4.093232581397933,3709.2843717266637
-3.70318924324925,1.1895766196244022,-4.3221469052116905,-7271.723928084313
3.480942326925213,-2.350816757417491,0.8062006889654407,17.01521415670331
4.204356039559951,-4.1065673963773754,0.7017446382931434,9.853580472856535
3.570952328036448,-0.7373041449049893,-3.2064673852650296,3836.949646291355
2.490832314701633,4.63218135348372,3.332036892988109,-36.501117746243835
-3.714301589065452,-3.2820313368152014,4.19768863207023,575.7885694134562
0.9451050116679625,-0.7261917990887881,-3.2498055339482166,-120.17212681051844
0.15390598955439483,-0.3583731525725087,3.310923435937326,4496.9543208448395
-1.3895988443160352,3.5887320813423713,-0.8884320480053338,-119.72200191231269
1.9741082342482494,-4.655517279697744,-4.50216690743416,59.541482332854834
2.2341371263473713,-0.3239248805422825,0.9428825425047229,156.514523131163
-2.1174574952772534,4.967774197133014,-0.2939215468385381,-59.4179345046803
-1.9596621846871876,-4.428825425047227,4.509945549505501,190.0227359937227
-0.4761640182242477,1.9685520613401488,-4.9388820980108905,-710.9991031151626
-4.046560728969886,-1.1851316812979222,-4.225469496610734,-7911.864860912546
-0.8417601955772867,-4.4321591287920885,-4.085453939326592,-155.07906376841828
0.18168685409489882,-2.587509723302589,-4.785531725747306,-208.28450412753713
-1.4229358817646407,-1.4884987220802315,1.1495721746860763,56.0524746749917
-4.229914434937215,-4.299922213579286,-2.4674963884876098,-418.70962667642
-4.56550727858651,0.935103900433381,0.8695410601177906,-362.8321250965418
-0.5628403155906216,1.5096121791310146,-3.4453828203133683,-966.0396678094974
1.6829647738637625,2.2219135459495494,-0.981775752861429,68.40507082854943
4.2443604844982765,-4.01100122235804,-2.0630070007778643,106.65625841683453
-1.5385042782531393,-4.281031225691743,2.447494166018446,69.40147500211978
2.007445271696855,-3.090898988776531,-3.172019113234804,105.48847181019373
4.147683075897321,-1.122902544727192,3.0653405933992666,-905.2064489897068
-4.927769752194688,4.975552839204356,-2.487498610956773,-373.97181041126913
3.8865429492165795,-2.2796977441937996,-3.8009778864318258,489.0590620651366
-4.973330370041116,-4.003222580286699,4.886654072674741,650.7476521967596
-3.5942882542504724,0.35281697966440717,-2.90087787531948,-58716.39289172043
-4.808867651961329,3.503167018557617,-3.448716524058229,-935.5082772080298
-4.616624069341038,1.0573397044116009,-0.8373152572508058,-4047.6065370741953
-0.7428603178130908,0.06945216135126131,-4.8255361706856315,-678372.3491848238
1.7140793421491276,-2.7497499722191354,2.0018890987887543,-23.52023913888958
0.44393821535726197,-4.617735303922658,2.8508723191465712,13.836990527453873
-0.5583953772641408,-0.7128569841093455,3.570952328036448,2497.388070604779
1.956328480942327,4.814423824869429,4.941104567174131,-39.238463266223754
-2.4274919435492834,-4.718857650850095,-3.368707634181576,-250.70351089023546
-2.7375263918213135,2.34526058450939,4.01766862984776,783.5738941642913
-4.203244804978331,-1.3129236581842427,4.604400488943215,4635.9332925762565
-0.5795088343149244,-3.673185909545505,-3.740971219024336,-176.1531116082945
-4.532170241137904,3.574286031781309,-0.38726525169463333,-261.8955795065292
-4.69107678630959,1.1473497055228359,-2.3163684853872653,-6318.885577248611
2.9475497277475275,-2.7730858984331594,-1.2140237804200469,118.63299079241546
-4.336592954772753,0.46282920324480514,-0.38726525169463333,-14864.465196207097
-0.15501722413601549,-4.751083453717079,-4.87776419602178,-91.62568213800125
0.6017335259473269,-3.4776086231803536,3.959884431603511,27.48249165669808
2.22413601511279,0.03722635848427558,-3.7987554172685853,988842.4237350831
-3.906545171685743,1.5562840315590618,0.9373263695966214,-52.969202772558205
-2.2085787309701077,-2.7564173797088567,1.2284698299811092,35.33767422258699
-0.061673519279920264,1.6007334148238694,0.9317701966885208,-8.533330351326704
-2.6286254028225358,-1.895210578953217,-0.7295255028336483,-661.9596214614502
-2.443049227691966,-0.6317368596510722,4.675519502166907,11836.889767470519
2.797533059228803,4.239915546171796,4.767751972441381,-81.40429293141537
-0.28614290476719617,1.3773752639182133,-0.1816868540948997,-247.2070659984075
-4.642182464718302,3.7687520835648396,2.28636515168352,224.46225584093747
0.9084342704744968,-0.9784420491165688,3.1986887431936886,57.35700073158032
-4.957773085898433,4.721080120013335,1.956328480942327,114.70873801881652
0.9939993332592509,-3.097566396266252,2.7041893543727076,0.2879581250180443
-2.0474497166351817,-2.044116012890321,-1.8718746527391934,-757.0199509879781
-2.894210467829759,0.08167574174908321,-1.6329592176908547,-594556.8500608545
-1.1240137793088123,-3.6276252916990774,-1.8396488498722081,-152.95366898918388
-3.876541837981998,-4.163240360040005,1.009556617401933,1.119323670378387
0.3072563618179798,3.21646849649961,3.8443160351150123,55.38086983284472
0.26836315146127365,3.802089121013445,-1.1951327925325037,-32.43537563452627
2.396377375263918,-0.9828869874430497,1.1906878542060229,-62.872462915429395
-0.06611845760640112,2.2641404600511166,-2.0830092232470276,-193.6229562457489
2.831981331259028,0.4583842649183243,-0.3661517946438497,2561.421089624834
1.009556617401933,-0.45060562284698324,-3.2809201022335817,54.343858836659756
2.1219024336037338,-3.2542504722746974,2.4997221913545946,-37.54970803294082
4.803311479053228,4.241026780753417,4.025447271919102,-99.73725111606444
2.050783420380042,3.323147016335149,-1.9685520613401488,67.36035325833393
-2.474163795977331,-2.541949105456162,1.5051672408045338,101.64463602668303
0.7595288365373927,-4.119902211356817,3.303144793865984,9.045358863726229
-1.0762306922991445,-3.899877764196022,1.1573508167574174,7.137660149040742
0.5261695743971551,4.955550616735193,-0.3094788309812202,-7.180992199569811
-0.5895099455495059,-3.14646071785754,3.2420268918768755,114.35536806380267
-1.23513723747083,0.13168129792199146,0.8673185909545502,-5764.5539533412175
2.8764307145238357,-1.4273808200911215,-0.23835981775752924,243.7353821020205
2.836426269585509,-2.65307256361818,-4.531059006556284,310.12338901279435
3.1553505945105016,-1.7185242804756085,3.1286809645516165,-318.99921739469977
3.7654183798199803,-1.5962884764973886,-0.24058228692076877,251.82116777228464
-4.717746416268474,-4.465496166240693,2.049672185798422,132.89287855675522
2.6664073785976212,-0.17501944660517843,-2.216357373041449,38495.5829900374
3.7543060340037773,3.7887543060340043,1.2195799533281475,-7.894305900846933
0.7061895766196242,-2.118568729858873,-3.6154017113012555,-84.23772983333185
-0.797310812312479,3.0031114568285364,-4.677741971330148,-366.51587921648485
2.6919657739748857,-4.1221246805200575,-2.0685631736859653,66.98942074706947
0.5395043893765976,0.8273141460162234,-3.6520724524947217,-888.3133880809747
-3.2186909656628515,-4.93777086342927,-2.297477497499722,-226.25979656108254
1.4673852650294474,3.9465496166240683,-2.2130236692965886,24.680684396206114
0.9139904433825983,-3.339815535059451,3.7176352928103125,5.711989044230486
3.3531503500388933,1.834092676964107,1.2773641515723968,-38.68962870710129
2.458606511834648,-3.4976108456495165,-1.0040004444938329,54.058730674230226
-1.6929658850983444,-0.6228469829981114,-0.38948772085787287,-3383.520187628239
2.235248360928992,3.488720968996555,-2.639737748638738,86.04799034325863
0.9739971107900871,-4.492165796199577,-4.93443715968441,-2.070648158145652
4.44993888209801,-0.3361484609401044,3.33537059673297,-11872.002388755576
2.784198244249361,2.2130236692965886,-4.778864318257584,455.74229540189845
-4.933325925102789,1.025113901544616,1.1562395821757967,395.2053605656523
-2.980886765196133,-0.5483942660295593,-0.20057784198244288,-6188.849959990355
3.8232025780642296,-2.1330147794199354,-3.8787643071452385,560.9817894346846
0.8217579731081228,-3.803200355595066,2.687520835648405,5.725871617807603
-4.6799644404933884,-4.524391599066563,2.0730081120124453,131.1216802278263
-3.5887320813423713,4.712190243360373,-4.116568507611957,-431.0484168814601
-1.690743415935104,-3.7431936881875765,0.13723747083009208,-58.10885861352454
-1.5051672408045338,-2.9919991110123347,4.341037893099234,322.70775025681826
-3.3487054117124124,-0.16168463162573676,1.7863095899544392,52381.32524363022
-4.532170241137904,-1.3151461273474832,3.2731414601622397,3169.75510578311
0.2128014223802639,-0.3461495721746859,0.2428047560840092,-1460.6435138679283
-4.269918879875542,0.1483498166462942,0.8950994554950551,-10753.513975735377
-3.4153794866096234,-4.849983331481276,-3.64096010667852,-350.60620331952117
-1.8918768752083568,-3.832092454717191,4.992221357928658,280.4749723684534
-2.15968440937882,2.4841649072119125,1.8874319368818755,165.75302945766924
2.957550838982109,3.3064784976108452,-3.8243138126458494,182.49970617877867
4.788865429492166,-1.634070452272475,2.063007000777864,-235.80732643642185
-1.3962662518057565,2.6341815757306364,-3.6065118346482943,-543.875741965299
-3.2175797310812313,2.643071452383598,-0.15946216246249634,-277.5717526776038
4.739971107900878,-3.2886987443049227,3.4353817090787864,-132.891280604216
2.2652516946327363,1.1962440271141235,-4.646627403044783,1158.494390142069
-1.201800200022225,-4.474386042893655,-3.6265140571174577,-170.9912812555788
-0.16612956995221673,-2.0341149016557396,3.7609734414934994,237.32034424430972
-1.0517835315035007,3.530947883098122,-0.7395266140682297,-94.91473229092702
2.313034781642404,-0.1305700633403717,-2.2308034226025115,57382.0032734179
-4.241026780753417,4.832203578175353,0.612845871763529,-37.12550638603547
2.8564284920546728,-4.798866540726747,-2.1985776197355262,55.2579063890477
-0.9617735303922661,0.86398488720969,0.781753528169796,-188.61919645057017
3.4742749194354925,4.2321369041004555,-1.6007334148238694,70.33547142393341
4.774419379931103,-1.201800200022225,-4.513279253250361,2258.662841785668
1.7485276141793529,2.28636515168352,0.11945771752416956,31.211853724955198
1.1473497055228359,4.431047894210467,-4.6366262918102015,11.234407924830451
1.2551394599399934,-2.634181575730637,-0.9162129125458387,18.484347359026746
-3.5653961551283477,-1.7629736637404156,1.0417824202689188,24.976647721646284
0.5350594510501168,2.9675519502166905,1.5896210690076673,8.839198808787485
0.2794754972774749,-4.984442715857318,0.5772863651516831,-3.574972838154821
0.3517057450827865,4.38104233803756,-2.124124902766974,-30.543405372569072
3.1086787420824535,-4.639959995555062,-0.7128569841093455,34.683810220889875
2.2263584842760302,3.182020224469385,2.7708634292699186,-50.01985193360422
-0.5450605622846982,1.6674074897210795,4.6310701189021,638.3619313523178
3.4031559062118006,4.572174686076231,4.159906656295144,-71.88992754983717
-4.457717524169352,-1.702966996332926,2.4363818202022447,1172.4369068723422
-0.5861762418046448,4.041004556061784,4.626625180575619,111.87571083819705
1.91743527058562,-1.8663184798310923,-1.2484720524502726,143.60245337182047
1.4440493388154234,-3.377597510834537,1.7207467496388489,-7.200914505151991
1.1640182242471386,2.844204911656851,1.5851761306811865,-3.1450895142611164
2.7630847871985775,-0.45282809201022367,0.05833981553505918,1757.8241334445784
1.716301811312368,1.779642182464718,-4.652183575952884,317.68188261130115
-0.42060228914323794,1.7107456384042665,-1.1473497055228359,-325.85056625058434
-1.6818535392821428,0.978442049116568,-2.90087787531948,-3829.659882671286
1.2306922991443487,0.86398488720969,3.8032003555950666,-227.90901750855204
-1.8118679853317037,1.9963329258806528,-1.3295921769085455,-582.4366912452051
0.09834426047338596,4.414379375486165,-4.8133125902878096,-79.90136470969561
1.0417824202689188,-1.5407267474163797,2.050783420380042,-4.970481044000536
-2.926436270696744,4.1065673963773754,-1.580731192354706,-233.01478506804725
4.31770196688521,-1.3518168685409493,3.064229358817647,-638.8587701805309
4.042115790643404,-4.305478386487388,-2.8986554061562395,114.35655857461663
-4.13879319924436,0.9017668629847755,2.1907989776641843,3191.8659672002213
-2.1696855206134016,4.1887987554172685,1.3951550172241358,26.06185325973397
-3.079786642960329,4.834426047338592,2.9319924436048446,132.3350687863
0.773974886098455,4.316590732303588,3.5053894877208567,8.411744770977553
0.015001666851872208,-1.9107678630958995,3.425380597844205,196.00573980511385
-2.1030114457161906,-4.184353817090788,-2.9819979997777533,-256.23727879407676
-3.0297810867874206,-1.350705633959329,-3.08645405045005,-3528.296105675145
0.6472941437937543,-0.7495277253028112,-1.35737304144905,-415.2638342244137
3.1997999777753083,-4.19657739748861,0.5583953772641399,11.253024693219018
-4.162129125458384,-3.7120791199022114,-2.6252916990776756,-577.0150972954431
4.221024558284254,0.5728414268252022,-3.696521835759529,7992.334462700259
4.253250361151238,4.739971107900878,-4.028780975663962,125.53717470356568
-1.0495610623402603,0.8684298255361709,-4.611067896432937,-5054.791022816098
-2.6552950327814204,3.4964996110678968,4.001000111123458,340.6551886849508
-0.5250583398155353,4.712190243360373,-2.0218913212579177,-65.53381246553717
3.5531725747305245,3.5242804756084,-4.394377153017002,214.46076443932887
1.7851983553728186,4.3654850538948775,-3.122013557061896,41.85449650350698
-3.6587398599844425,1.724080453383709,-2.674186020668963,-2359.6437138119404
0.4128236470718969,-2.8897655295032783,-3.962106900766752,-100.35093692599389
1.8996555172796974,4.13768196466274,-2.537504167129681,45.17349975938468
3.3598177575286137,-3.8665407267474166,-2.2485831759084345,102.14768564027362
-2.4041560173352594,-2.77641960217802,-3.858762084676075,-798.4603612348902
-4.703300366707412,4.308812090232248,3.4987220802311363,338.58301947505515
3.64873874874986,3.5653961551283473,-4.981109012112457,237.45782812495077
1.1573508167574174,-2.833092565840649,-4.949994443827092,30.94337517154552
-1.3129236581842427,-1.621846871874653,0.9773308145349482,-6.765090802313429
-2.4263807089676632,4.941104567174131,3.225358373152572,116.42691670674029
-2.561951327925325,-2.1607956439604403,1.8829869985553946,253.85940594975347
3.6787420824536063,1.370707856428492,-1.9485498388709859,797.2129314554844
-2.8719857761973553,2.9431047894210467,3.2498055339482157,388.35963920248753
-0.9384376041782421,-2.5397266362929214,-4.726636292921436,-564.7471246163141
-2.0896766307367485,-3.2820313368152014,-2.1441271252361376,-327.08725195313843
-1.2562506945216136,-3.5087231914657186,0.6006222913657071,-24.716556832216224
-0.9951105678408716,2.863095899544393,1.539615512834759,43.32119830017906
0.6061784642738077,3.143127014112679,-3.7209689965551727,-53.035944458539106
-0.027225247249694995,-4.1654628292032445,-4.315479497721969,-94.66373400968988
-0.13168129792199146,-1.0584509389932215,3.4142682520280037,741.26069426456
-1.370707856428492,-4.4443827091899095,-0.3950438937659744,-57.11520882995407
2.898655406156239,4.815535059451049,1.0551172352483604,-0.9614048724028237
4.645516168463162,2.117457495277253,1.8285365040560055,-108.21317509591995
-4.859984442715858,4.614401600177796,-1.1629069896655184,-265.36469231796286
-0.18390932325814013,-0.67951994666074,-3.3787087454161577,-3430.0137306060788
1.3407045227247467,0.03055895099455519,2.1463495943993776,-108648.04352218931
-3.613179242138015,2.934214912768085,3.0064451605733975,439.0607358805819
0.546171796866318,1.0417824202689188,3.143127014112679,254.16415623970093
1.9663295921769084,1.779642182464718,-0.5361706856317374,112.96258840682826
-2.8108678742082454,-0.09723302589176619,0.561729081009001,-67895.14975155727
1.7707523058117562,4.701077897544172,4.904433825980664,-33.61703399360475
-1.4896099566618513,3.0586731859095444,4.01655739526614,276.69626314443474
0.21724636070674475,4.227691965773975,0.451716857428603,-7.047022969226686
0.9806645182798084,-2.7553061451272365,3.89209912212468,1.9930777660797951
4.508834314923879,-3.468718746527392,-1.905211690187799,139.56877680392344
2.7275252805867316,0.39615512834759414,-2.193021446827425,7668.301100302701
-0.08723191465718472,-2.5930658962106903,0.6739637737526394,-15.95343486706273
-0.4072674741637963,-0.4728303144793866,-3.4287143015890655,-8703.654853212845
-0.6650738970996777,4.412156906322924,3.1642404711634615,59.22734341498017
2.4674963884876098,-2.7308589843315927,-2.2130236692965886,142.87393953123473
-4.846649627736415,3.2420268918768755,3.1442382486942986,531.2471286803833
2.9786642960328926,3.637626402933659,3.5731747971996892,-81.04872965020265
0.8895432825869536,-3.5131681297921995,4.867763084787198,9.460531407850361
2.8142015779531055,-1.042893654850539,2.4852761417935323,-534.0832771490636
3.3653739304367143,4.866651850205578,-0.6150683409267694,32.104643955369134
-2.596399599955551,-0.8584287143015894,-3.3709301033448162,-8061.224458864525
-0.2061340148905435,3.4142682520280037,0.981775752861429,-0.5773410045943406
4.2321369041004555,1.4829425491721304,-3.20980108900989,1070.628671804202
2.8375375041671296,-0.8984331592399153,-4.217690854539393,2552.2700628590765
-1.0551172352483609,-2.3930436715190577,-2.0274474941660188,-360.3268125094855
-2.821980220024447,1.076230692299144,-3.8443160351150127,-6148.745446899948
-4.44549394377153,3.3420380042226903,0.44504944993888174,-117.25259102257925
-0.8862095788420934,-3.189798866540727,-0.4850538948772085,-89.90907055471143
3.4709412156906314,3.465385042782531,2.9364373819313254,-78.04313591197527
2.976441826869652,4.4010445605067225,-2.297477497499722,70.89780402656679
2.915323924880542,-0.6917435270585619,-3.4109345482831426,3752.527574448269
-1.2140237804200469,-4.229914434937215,-1.2129125458384267,-92.12258056335233
0.43615957328592003,-3.6187354150461166,3.8076452939215457,34.684733796586286
-0.39282142460273395,2.694188243138126,-4.7899766640737855,-346.39458826563543
-0.09945549505500662,-2.7297477497499725,-1.5962884764973886,-116.06593681295183
2.7664184909434377,2.969774419379931,4.729969996666297,-162.11628790188746
-0.7217468607623072,-2.3830425602844763,-1.5518390932325814,-248.85466865183068
0.9673297033003667,0.10056672963662638,-2.6108456495166132,-3160.7544722527923
-2.294143793754862,1.2040226691854645,4.371041226802978,2825.249664580854
0.4483831536837428,-0.09834426047338596,3.142015779531059,35007.43544422463
1.1329036559617736,0.6728525391710187,-1.590732303589288,202.31233325228564
0.35948438715412845,2.6975219468829863,3.4153794866096234,61.490303614089974
-2.8564284920546728,-1.7307478608734304,4.5310590065562835,1753.3323430527294
-1.814090454494944,-1.5018335370596736,2.4919435492832536,659.7332824286494
-1.2373597066340705,-4.331036781864651,0.16501833537059696,-33.574885850264764
-2.433048116457384,-3.5942882542504724,4.1354594954995,310.7807761929472
2.565285031670185,-0.2550283364818311,4.313257028558729,-17785.13892735695
-3.750972330258918,1.8052005778419824,0.28947660851205637,-427.33121378345277
0.9428825425047229,-0.8962106900766758,-1.9518835426158465,-57.03731875862511
4.416601844649405,3.0297810867874198,3.7298588732081335,-170.1891698077065
3.0220024447160796,-3.5942882542504724,-0.9395488387598627,63.5489905735859
-1.5918435381709082,-4.94110456717413,3.1742415823980448,80.2679652407408
-0.7684187131903544,0.04389376597399686,-1.370707856428492,-702960.0463349113
-0.29614401600177853,4.139904433825981,0.3917101900211133,-14.209507705787837
4.925547283031447,1.5885098344260467,3.087565285031669,-494.3914234048991
2.0607845316146234,-1.314034892765863,-3.222024669407712,617.7787890644179
2.057450827869763,0.9939993332592509,-4.594399377708634,1426.667044241134
-2.5775086120680077,-2.176352928103123,-1.5196132903655961,-718.0783092503644
0.5239471052339146,-1.9829981109012116,0.026114012668074338,-33.51717889905988
-1.1729081009001003,0.04611623513723728,-1.9574397155239471,-1012831.1536240035
-1.9763307034114903,-3.9609956661851315,-2.0330036670741194,-206.7237715649615
1.104011556839649,2.9397710856761856,4.021002333592621,-9.70333654194734
-4.75552839204356,-0.9828869874430497,3.0064451605733975,5291.531001214817
4.1354594954995,-3.287587509723303,2.108567618624291,-56.58013570873429
-4.6444049338815425,-3.402044671630181,-3.2742526947438604,-915.7803422007648
-0.5061673519279921,0.44504944993888174,-3.3909323258139796,-10523.955549326089
-4.489943327036338,-0.8773197021891326,-2.1985776197355262,-9917.379491104308
-4.647738637626403,-0.8495388376486277,0.16279586620735653,-2878.931393856161
4.1343482609178785,-4.5699522169129905,4.56661851316813,-94.19288951997214
-3.6209578842093566,3.555395043893766,1.9418824313812646,140.69604387407315
3.790976775197244,-1.8296477386376266,1.3973774863873762,-61.711919279811354
-3.958773197021891,-0.05722858095343941,-4.162129125458384,-3272997.3978261645
-0.04167129681075732,-3.39315479497722,4.224358262029114,87.880779192569
2.993110345593955,1.756306256250694,-0.7595288365373936,238.98671981547744
3.8543171463495938,2.0018890987887543,1.4318257584176015,-56.70510267261934
0.8728747638626508,-0.006111790198911393,3.7087454161573508,2524168.548505068
0.02055783975997283,4.913323702633626,1.0973441493499276,1.1824027026888113
0.3305922880320029,-4.239915546171797,-0.981775752861429,-21.40680914842237
-1.5662851427936437,3.094232692521391,-3.3542615846205135,-404.975391805393
1.692965885098344,-1.1729081009001003,2.6052894766085117,-201.5136597677721
-1.97521946882987,0.707300811201244,4.528836537393044,7539.576853863537
0.5928436492943661,-0.5672852539171025,-0.43504833870430026,-512.3943958866664
-0.8462051339037675,-0.5517279697744195,3.078675408378709,4102.189315885556
3.9498833203689294,4.997777530836759,4.049894432714746,-65.37637108512808
-1.4618290921213468,-1.7674186020668965,-4.476608512056895,-1484.109470678559
4.347705300588954,-4.665518390932326,1.672963662629181,-17.550321432753698
3.746527391932437,1.6274030447827537,0.9984442715857318,0.3026704181598728
3.7931992443604834,-0.23169241026780796,-3.1197910878986557,39915.590062692725
-1.0695632848094236,1.201800200022224,1.355150572285809,168.99677939617817
-1.331814646071786,-4.213245916212912,0.8973219246582955,-4.585205926253638
-0.2183575952883654,-3.3875986220691185,-4.205467274141571,-169.4154259688886
2.097455272808089,-3.4409378819868874,-2.6552950327814204,80.32372080665387
-3.0897877541949104,-1.8096455161684633,-2.5630625625069454,-1747.3948664388868
4.395488387598622,-1.2684742749194355,4.959995555061672,-1405.0528106197094
1.7651961329036556,1.9507723080342254,-0.13390376708523188,56.3261821421305
2.9364373819313254,4.9355483942660285,-2.437493054783865,57.905459498716745
3.8865429492165795,-4.50883431492388,-3.5998444271585734,119.78453027153358
-0.6928547616401826,3.036448494277142,-0.400600066674075,-82.4929676004371
-0.981775752861429,-0.2483609289921107,4.715523947105234,39327.99897141004
4.549949994443827,-0.14723858206467444,-3.906545171685743,131364.04891969575
2.360817868652072,-2.093010334481609,0.7139682186909653,20.362901842693102
-1.814090454494944,-2.7619735526169573,3.476497388598732,323.7862802496785
-3.1209023224802754,-2.3741526836315145,-4.315479497721969,-1529.686501883863
-2.987554172685854,4.175463940437826,1.0751194577175243,6.694192427886275
4.033225913990442,-4.663295921769086,-2.043004778308701,75.97702609680388
-0.6784087120791202,3.3531503500388933,-2.4452716968552064,-164.7566457485804
-1.7296366262918101,3.677630847871985,-0.24724969441049005,-88.57839134223313
0.05278364262695856,4.375486165129459,-2.511945771752417,-51.85219904367167
4.88109789976664,-1.7051894654961663,3.180908989887765,-447.03851013492886
0.4028225358373154,0.34726080675630566,-4.103233692632514,-7276.157768424211
-4.376597399711079,-2.9119902211356816,1.9041004556061782,247.2417147720898
4.416601844649405,1.7174130458939878,-2.9719968885431713,770.6791486362436
4.671074563840426,2.8930992332481384,-1.2140237804200469,155.24217713507593
-2.893099233248139,-3.0653405933992666,-0.4028225358373154,-224.81190974789595
1.4384931659073228,-0.016112901433492866,3.7876430714523828,-1209271.887604859
-1.0806756306256253,1.6518502055783975,4.907767529725525,990.5565489986402
-3.098677630847872,-4.694410490054451,2.424158239804423,104.08510672232146
3.1442382486942986,-1.3007000777864208,-4.238804311590177,1365.6136651840911
-0.812868096455162,-2.574174908323147,2.796421824647183,159.42652621391107
0.16279586620735653,-2.210801200133348,-4.438826536281809,-274.93506115572427
1.7229692188020884,-0.239471052339149,-0.08278697633070387,3389.632462479476
1.6274030447827537,-1.629625513945994,-2.5330592288032006,209.65409483465413
3.468718746527392,-3.1486831870207803,-2.979775530614513,194.174369108327
-3.9176575175019446,-0.4917213023669298,-2.9642182464718303,-33663.95901701653
1.1451272363595955,-0.7584176019557729,1.3429269918879871,-22.98462206803628
2.886431825758417,-0.3739304367151908,1.2584731636848536,-744.1897646194468
1.9396599622180242,3.256472941437938,4.339926658517612,-71.56279976416612
-2.136348483164796,-0.5928436492943661,-1.9907767529725526,-9717.11308634598
2.4174908323147015,-4.713301477941994,-0.5817313034781648,22.95814149432324
-4.911101233470386,2.019668852094677,-3.5287254139348816,-2935.7226558329185
0.15279475497277417,-3.0608956550727857,-2.464162684742749,-92.53885253036204
-3.9409934437159686,-2.9486609623291478,-0.5950661184576065,-379.1039112218257
-4.7821980220024445,-0.7128569841093455,-2.4474941660184464,-17396.10232029119
2.247471941326814,-1.7129681075675078,1.9552172463607063,-94.44935317376644
-3.483164796088454,4.993332592510278,-3.728747638626514,-343.9243694507486
2.969774419379931,-0.9273252583620408,-4.894432714746083,2847.638425562401
-4.654406045116124,0.13279253250361123,1.4307145238359817,60718.17049307973
-1.8629847760862321,-0.3517057450827874,3.656517390821202,21882.04993349223
2.2774752750305582,-0.06722969218802088,3.1097899766640733,-138149.731289452
4.219913323702633,0.3517057450827865,4.803311479053228,-17167.33002100186
3.0508945438382042,0.5739526614068229,3.188687631959107,-2840.698372631604
-4.108789865540616,-2.6008445382820313,-0.3994888320924552,-447.3729377465767
0.8117568618735413,-4.775530614512723,3.0453383709301036,4.653661461463394
3.739859984442715,2.820868985442827,4.459939993332592,-223.73627645824433
-0.6595177241915771,4.659962218024225,-0.5195021669074347,-37.13447075034698
-3.2864762751416823,0.7795310590065556,4.247694188243138,9131.450652205755
3.9532170241137905,-0.3361484609401044,-1.3262584731636848,11029.01464420832
-4.643293699299922,-1.5096121791310146,1.2662518057561947,289.63728048768127
-3.5242804756084007,2.883098122013557,-3.1509056561840207,-916.6614346219615
-3.0397821980220026,2.8897655295032783,-0.3039226580731196,-246.76079612765304
-1.6018446494054897,2.9919991110123343,-1.8407600844538283,-287.36991503334497
1.7963107011890207,-4.052116901877986,4.193243693743749,-38.1137026610511
-4.639959995555062,-3.4587176352928104,-4.397710856761862,-1117.677654680097
-1.104011556839649,-0.9639959995555065,-1.2995888432048006,-1734.3989839645235
-2.128569841093455,-2.368596510723414,1.7263029225469495,147.37109958187023
0.3405933992665853,-0.007223024780531162,-0.3950438937659744,-5109455.902174546
2.4219357706411824,4.776641849094343,-1.9296588509834427,41.50794273025154
4.219913323702633,-2.586398488720969,-0.282809201022336,107.07078271126304
3.053117013001444,-1.6818535392821428,-0.6872985887320819,255.23518112596167
-0.5083898210912325,-1.0773419268807647,-3.628736526280698,-1896.384340791899
-4.184353817090788,4.861095677297477,0.9162129125458378,-7.8222951689636675
-2.8864318257584176,2.797533059228803,-0.6150683409267694,-310.0597827067216
0.2639182131347928,1.830758973219246,3.1053450383375925,135.0493438329789
4.279919991110123,3.5720635626180677,3.2398044227136342,-98.80031957875448
-2.8119791087898656,3.974330481164573,0.20724524947216327,-73.53581100159563
-2.660851205689521,-0.400600066674075,2.5275030558950995,13235.071453366907
1.4896099566618508,4.559951105678408,-4.547727525280587,33.35152611885225
1.751861317924214,4.811090121124568,-4.0476719635515055,40.57131551702344
-1.572952550283365,-0.7806422935881763,3.337593065896211,3426.588564275564
-1.6096232914768307,-2.976441826869652,-3.6520724524947217,-477.2752070751577
4.293254806089566,1.1373485942882544,0.6906322924769412,134.8412778392036
-0.38948772085787287,-4.121013445938438,-4.556617401933548,-141.70087554051858
1.8996555172796974,0.8706522946994104,0.19502166907434137,232.1644303472712
1.35959551061229,4.9122124680520045,-1.4462718079786643,9.44974335906104
-1.5662851427936437,-4.245471719079898,4.545505056117346,175.16456856626428
2.2930325591732412,0.3239248805422825,-3.3331481275697303,12346.08210166765
0.05722858095343941,-0.958439826647405,2.9086565173908205,584.2963774366025
1.2906989665518385,-3.7020780086676295,-4.705522835870652,31.619307994878184
3.8432048005333925,3.472052450272253,-3.4242693632625847,192.7316820877425
-1.7429714412712527,0.2639182131347928,0.6095121680186688,-5417.380328222371
-2.2174686076230694,0.5483942660295584,2.305256139571063,5118.311801653576
3.253139237693077,3.1453494832759183,-4.559951105678409,256.2973941372974
-2.7375263918213135,-2.8553172574730525,2.4419379931103453,252.5971605029376
-3.6954106011779086,-1.337370818979887,1.060673408156462,65.4432100177334
1.8329814423824864,3.873208134237137,4.021002333592621,-41.098835192140484
-0.23724858317590858,-0.5928436492943661,3.5842871430158905,2793.9709867332645
-4.50883431492388,-4.4443827091899095,-4.249916657406379,-637.2986478001418
4.315479497721968,0.023891543504833912,-0.8650961217913107,1847456.5853548597
-4.9466607400822316,4.1299033225913995,-4.792199133237026,-905.5288842801126
-0.6661851316812983,-0.5039448827647517,3.3253694854983884,4881.794759285746
2.329703300366707,-4.723302589176575,-2.9475497277475275,54.1407461878438
-0.9462162462495831,-1.624069341037893,-2.0863429269918883,-747.8446918295374
0.5039448827647517,-2.2263584842760307,-4.141015668407601,-146.57272196653082
2.9475497277475275,1.5585065007223022,3.9732192465829534,-504.3819566394419
3.4787198577619733,-3.8176464051561285,-0.5895099455495059,52.88754469808363
-3.1953550394488275,-3.408712079119902,-0.2028003111456833,-171.91902797778008
-1.2618068674297147,2.886431825758417,2.3397044116012884,122.87717748179796
4.658850983442605,-2.578619846649628,2.320813423713746,-116.4575109856175
1.6096232914768303,0.5372819202133572,-2.4597177464162687,1839.0794107502186
3.3331481275697303,4.886654072674741,1.9741082342482494,-19.0356799676928
4.88332036892988,0.8295366151794639,-3.005333925991777,3469.6071944654077
-4.4166018446494055,1.638515390598955,2.518613179242138,1325.1260352065642
-0.7406378486498504,2.65529503278142,2.6919657739748857,134.59401802239327
-0.10723413712634766,-3.4042671407934213,0.11723524836092913,-25.573535112972426
-1.5762862540282256,-3.486498499833315,-1.8896544060451164,-212.69220250335695
4.562173574841649,4.907767529725525,0.21946882986998517,18.831458535858367
-1.301811312368041,-2.2474719413268143,3.114234914990554,326.6658316195757
-1.5796199577730858,2.364151572396933,-4.911101233470386,-947.7396544996897
1.9385487276364035,-0.7573063673741531,0.21169018779864412,311.9931283800988
-0.1783531503500395,-3.959884431603512,-1.4851650183353708,-57.02488869647967
-4.983331481275697,-1.337370818979887,-1.8852094677186355,-4338.567605434092
-0.5550616735192797,0.7650850094454933,0.7261917990887872,-230.3332915374055
-1.3418157573063674,1.810756750750083,0.62062451383487,-92.19462574892181
1.1851316812979213,-1.4251583509278811,4.902211356817423,-94.05943670058072
-4.234359373263696,-4.539948883209245,0.8128680964551611,-20.294045360008955
-0.4728303144793866,0.9628847649738859,1.382931436826314,191.12188799826842
4.2010223358150895,-2.3797088565396156,-4.99666629625514,589.6898101278616
2.435270585620624,-0.07389709967774216,-1.472941437937549,147505.25149059048
-0.2672519168796539,-2.876430714523836,3.786531836870763,131.4602954118174
4.131014557173019,-2.517501944660518,2.4141571285698404,-123.00631594638747
-1.158462051339038,0.5195021669074338,0.5050561173463715,-1325.1079122743802
3.0020002222469166,-1.9374374930547842,2.7397488609845535,-194.80067682138818
4.004333814868318,3.7609734414934994,-1.196244027114124,83.90482692710187
4.689965551727969,-4.177686409601067,3.9854428269807745,-100.54905398744327
2.3463718190910097,4.752194688298699,1.29625513945994,-4.0553754875624675
3.448716524058229,-2.1885765085009448,-1.9541060117790865,296.8169979742383
4.8533170352261354,0.9528836537393044,0.5728414268252022,279.8934833895813
0.40504500500055585,-1.327369707745305,-1.0240026669629962,-196.7322630074608
